"","X.1","X","Year","Pack","Pack.Size","Number.Packs","Population.Size","Elk","index"
"1",1,1,1997,"642F GROUP",0,8,69,15492,1
"2",2,2,1998,"642F GROUP",0,7,70,15499,1
"3",3,3,1999,"642F GROUP",0,8,61,19191,1
"4",4,4,2000,"642F GROUP",0,9,96,17688,1
"5",5,5,2001,"642F GROUP",0,11,124,15799,1
"6",6,6,2002,"642F GROUP",0,11,92,12164,1
"7",7,7,2003,"642F GROUP",0,11,86,11002,1
"8",8,8,2004,"642F GROUP",0,11,121,12599,1
"9",9,9,2005,"642F GROUP",0,15,79,8696,1
"10",10,10,2006,"642F GROUP",0,13,113,8894,1
"11",11,11,2007,"642F GROUP",0,11,111,8288,1
"12",12,12,2008,"642F GROUP",0,16,82,9384,1
"13",13,13,2009,"642F GROUP",0,16,82,8012,1
"14",14,14,2010,"642F GROUP",0,11,59,6118,1
"15",15,15,2011,"642F GROUP",6,10,98,5510,1
"16",16,16,2012,"642F GROUP",0,8,69,5168,1
"17",17,17,2013,"642F GROUP",0,12,79,5781,0
"18",18,18,2014,"642F GROUP",0,9,85,6394,0
"19",19,19,2015,"642F GROUP",0,8,50,6484,0
"20",20,20,2016,"642F GROUP",0,6,52,7061,0
"21",21,21,1997,"682M GROUP",0,8,69,15492,1
"22",22,22,1998,"682M GROUP",0,7,70,15499,1
"23",23,23,1999,"682M GROUP",0,8,61,19191,1
"24",24,24,2000,"682M GROUP",0,9,96,17688,1
"25",25,25,2001,"682M GROUP",0,11,124,15799,1
"26",26,26,2002,"682M GROUP",0,11,92,12164,1
"27",27,27,2003,"682M GROUP",0,11,86,11002,1
"28",28,28,2004,"682M GROUP",0,11,121,12599,1
"29",29,29,2005,"682M GROUP",0,15,79,8696,1
"30",30,30,2006,"682M GROUP",0,13,113,8894,1
"31",31,31,2007,"682M GROUP",0,11,111,8288,1
"32",32,32,2008,"682M GROUP",0,16,82,9384,1
"33",33,33,2009,"682M GROUP",2,16,82,8012,1
"34",34,34,2010,"682M GROUP",0,11,59,6118,1
"35",35,35,2011,"682M GROUP",0,10,98,5510,0
"36",36,36,2012,"682M GROUP",0,8,69,5168,0
"37",37,37,2013,"682M GROUP",0,12,79,5781,0
"38",38,38,2014,"682M GROUP",0,9,85,6394,0
"39",39,39,2015,"682M GROUP",0,8,50,6484,0
"40",40,40,2016,"682M GROUP",0,6,52,7061,0
"41",41,41,1997,"694F GROUP",0,8,69,15492,1
"42",42,42,1998,"694F GROUP",0,7,70,15499,1
"43",43,43,1999,"694F GROUP",0,8,61,19191,1
"44",44,44,2000,"694F GROUP",0,9,96,17688,1
"45",45,45,2001,"694F GROUP",0,11,124,15799,1
"46",46,46,2002,"694F GROUP",0,11,92,12164,1
"47",47,47,2003,"694F GROUP",0,11,86,11002,1
"48",48,48,2004,"694F GROUP",0,11,121,12599,1
"49",49,49,2005,"694F GROUP",0,15,79,8696,1
"50",50,50,2006,"694F GROUP",0,13,113,8894,1
"51",51,51,2007,"694F GROUP",0,11,111,8288,1
"52",52,52,2008,"694F GROUP",3,16,82,9384,1
"53",53,53,2009,"694F GROUP",0,16,82,8012,1
"54",54,54,2010,"694F GROUP",0,11,59,6118,0
"55",55,55,2011,"694F GROUP",0,10,98,5510,0
"56",56,56,2012,"694F GROUP",0,8,69,5168,0
"57",57,57,2013,"694F GROUP",0,12,79,5781,0
"58",58,58,2014,"694F GROUP",0,9,85,6394,0
"59",59,59,2015,"694F GROUP",0,8,50,6484,0
"60",60,60,2016,"694F GROUP",0,6,52,7061,0
"61",61,61,1997,"755M/889F GROUP",0,8,69,15492,1
"62",62,62,1998,"755M/889F GROUP",0,7,70,15499,1
"63",63,63,1999,"755M/889F GROUP",0,8,61,19191,1
"64",64,64,2000,"755M/889F GROUP",0,9,96,17688,1
"65",65,65,2001,"755M/889F GROUP",0,11,124,15799,1
"66",66,66,2002,"755M/889F GROUP",0,11,92,12164,1
"67",67,67,2003,"755M/889F GROUP",0,11,86,11002,1
"68",68,68,2004,"755M/889F GROUP",0,11,121,12599,1
"69",69,69,2005,"755M/889F GROUP",0,15,79,8696,1
"70",70,70,2006,"755M/889F GROUP",0,13,113,8894,1
"71",71,71,2007,"755M/889F GROUP",0,11,111,8288,1
"72",72,72,2008,"755M/889F GROUP",0,16,82,9384,1
"73",73,73,2009,"755M/889F GROUP",0,16,82,8012,1
"74",74,74,2010,"755M/889F GROUP",0,11,59,6118,1
"75",75,75,2011,"755M/889F GROUP",0,10,98,5510,1
"76",76,76,2012,"755M/889F GROUP",0,8,69,5168,1
"77",77,77,2013,"755M/889F GROUP",2,12,79,5781,1
"78",78,78,2014,"755M/889F GROUP",2,9,85,6394,1
"79",79,79,2015,"755M/889F GROUP",0,8,50,6484,1
"80",80,80,2016,"755M/889F GROUP",0,6,52,7061,0
"81",81,81,1997,"8 MILE",0,8,69,15492,1
"82",82,82,1998,"8 MILE",0,7,70,15499,1
"83",83,83,1999,"8 MILE",0,8,61,19191,1
"84",84,84,2000,"8 MILE",0,9,96,17688,1
"85",85,85,2001,"8 MILE",0,11,124,15799,1
"86",86,86,2002,"8 MILE",0,11,92,12164,1
"87",87,87,2003,"8 MILE",0,11,86,11002,1
"88",88,88,2004,"8 MILE",0,11,121,12599,1
"89",89,89,2005,"8 MILE",0,15,79,8696,1
"90",90,90,2006,"8 MILE",0,13,113,8894,1
"91",91,91,2007,"8 MILE",0,11,111,8288,1
"92",92,92,2008,"8 MILE",0,16,82,9384,1
"93",93,93,2009,"8 MILE",0,16,82,8012,1
"94",94,94,2010,"8 MILE",0,11,59,6118,1
"95",95,95,2011,"8 MILE",7,10,98,5510,1
"96",96,96,2012,"8 MILE",10,8,69,5168,1
"97",97,97,2013,"8 MILE",18,12,79,5781,1
"98",98,98,2014,"8 MILE",9,9,85,6394,1
"99",99,99,2015,"8 MILE",13,8,50,6484,1
"100",100,100,2016,"8 MILE",18,6,52,7061,1
"101",101,101,1997,"889F/890M GROUP",0,8,69,15492,1
"102",102,102,1998,"889F/890M GROUP",0,7,70,15499,1
"103",103,103,1999,"889F/890M GROUP",0,8,61,19191,1
"104",104,104,2000,"889F/890M GROUP",0,9,96,17688,1
"105",105,105,2001,"889F/890M GROUP",0,11,124,15799,1
"106",106,106,2002,"889F/890M GROUP",0,11,92,12164,1
"107",107,107,2003,"889F/890M GROUP",0,11,86,11002,1
"108",108,108,2004,"889F/890M GROUP",0,11,121,12599,1
"109",109,109,2005,"889F/890M GROUP",0,15,79,8696,1
"110",110,110,2006,"889F/890M GROUP",0,13,113,8894,1
"111",111,111,2007,"889F/890M GROUP",0,11,111,8288,1
"112",112,112,2008,"889F/890M GROUP",0,16,82,9384,1
"113",113,113,2009,"889F/890M GROUP",0,16,82,8012,1
"114",114,114,2010,"889F/890M GROUP",0,11,59,6118,1
"115",115,115,2011,"889F/890M GROUP",0,10,98,5510,1
"116",116,116,2012,"889F/890M GROUP",0,8,69,5168,1
"117",117,117,2013,"889F/890M GROUP",2,12,79,5781,1
"118",118,118,2014,"889F/890M GROUP",0,9,85,6394,1
"119",119,119,2015,"889F/890M GROUP",0,8,50,6484,0
"120",120,120,2016,"889F/890M GROUP",0,6,52,7061,0
"121",121,121,1997,"911M GROUP",0,8,69,15492,1
"122",122,122,1998,"911M GROUP",0,7,70,15499,1
"123",123,123,1999,"911M GROUP",0,8,61,19191,1
"124",124,124,2000,"911M GROUP",0,9,96,17688,1
"125",125,125,2001,"911M GROUP",0,11,124,15799,1
"126",126,126,2002,"911M GROUP",0,11,92,12164,1
"127",127,127,2003,"911M GROUP",0,11,86,11002,1
"128",128,128,2004,"911M GROUP",0,11,121,12599,1
"129",129,129,2005,"911M GROUP",0,15,79,8696,1
"130",130,130,2006,"911M GROUP",0,13,113,8894,1
"131",131,131,2007,"911M GROUP",0,11,111,8288,1
"132",132,132,2008,"911M GROUP",0,16,82,9384,1
"133",133,133,2009,"911M GROUP",0,16,82,8012,1
"134",134,134,2010,"911M GROUP",0,11,59,6118,1
"135",135,135,2011,"911M GROUP",0,10,98,5510,1
"136",136,136,2012,"911M GROUP",0,8,69,5168,1
"137",137,137,2013,"911M GROUP",2,12,79,5781,1
"138",138,138,2014,"911M GROUP",2,9,85,6394,1
"139",139,139,2015,"911M GROUP",0,8,50,6484,1
"140",140,140,2016,"911M GROUP",0,6,52,7061,0
"141",141,141,1997,"AGATE CREEK",0,8,69,15492,1
"142",142,142,1998,"AGATE CREEK",0,7,70,15499,1
"143",143,143,1999,"AGATE CREEK",0,8,61,19191,1
"144",144,144,2000,"AGATE CREEK",0,9,96,17688,1
"145",145,145,2001,"AGATE CREEK",6,11,124,15799,1
"146",146,146,2002,"AGATE CREEK",10,11,92,12164,1
"147",147,147,2003,"AGATE CREEK",10,11,86,11002,1
"148",148,148,2004,"AGATE CREEK",11,11,121,12599,1
"149",149,149,2005,"AGATE CREEK",8,15,79,8696,1
"150",150,150,2006,"AGATE CREEK",13,13,113,8894,1
"151",151,151,2007,"AGATE CREEK",17,11,111,8288,1
"152",152,152,2008,"AGATE CREEK",4,16,82,9384,1
"153",153,153,2009,"AGATE CREEK",3,16,82,8012,1
"154",154,154,2010,"AGATE CREEK",8,11,59,6118,1
"155",155,155,2011,"AGATE CREEK",3,10,98,5510,1
"156",156,156,2012,"AGATE CREEK",0,8,69,5168,1
"157",157,157,2013,"AGATE CREEK",0,12,79,5781,0
"158",158,158,2014,"AGATE CREEK",0,9,85,6394,0
"159",159,159,2015,"AGATE CREEK",0,8,50,6484,0
"160",160,160,2016,"AGATE CREEK",0,6,52,7061,0
"161",161,161,1997,"BECHLER",0,8,69,15492,1
"162",162,162,1998,"BECHLER",0,7,70,15499,1
"163",163,163,1999,"BECHLER",0,8,61,19191,1
"164",164,164,2000,"BECHLER",0,9,96,17688,1
"165",165,165,2001,"BECHLER",0,11,124,15799,1
"166",166,166,2002,"BECHLER",0,11,92,12164,1
"167",167,167,2003,"BECHLER",0,11,86,11002,1
"168",168,168,2004,"BECHLER",0,11,121,12599,1
"169",169,169,2005,"BECHLER",9,15,79,8696,1
"170",170,170,2006,"BECHLER",13,13,113,8894,1
"171",171,171,2007,"BECHLER",11,11,111,8288,1
"172",172,172,2008,"BECHLER",9,16,82,9384,1
"173",173,173,2009,"BECHLER",0,16,82,8012,1
"174",174,174,2010,"BECHLER",0,11,59,6118,0
"175",175,175,2011,"BECHLER",0,10,98,5510,0
"176",176,176,2012,"BECHLER",0,8,69,5168,0
"177",177,177,2013,"BECHLER",0,12,79,5781,0
"178",178,178,2014,"BECHLER",0,9,85,6394,0
"179",179,179,2015,"BECHLER",0,8,50,6484,0
"180",180,180,2016,"BECHLER",0,6,52,7061,0
"181",181,181,1997,"BLACKTAIL",0,8,69,15492,1
"182",182,182,1998,"BLACKTAIL",0,7,70,15499,1
"183",183,183,1999,"BLACKTAIL",0,8,61,19191,1
"184",184,184,2000,"BLACKTAIL",0,9,96,17688,1
"185",185,185,2001,"BLACKTAIL",0,11,124,15799,1
"186",186,186,2002,"BLACKTAIL",0,11,92,12164,1
"187",187,187,2003,"BLACKTAIL",0,11,86,11002,1
"188",188,188,2004,"BLACKTAIL",0,11,121,12599,1
"189",189,189,2005,"BLACKTAIL",0,15,79,8696,1
"190",190,190,2006,"BLACKTAIL",0,13,113,8894,1
"191",191,191,2007,"BLACKTAIL",0,11,111,8288,1
"192",192,192,2008,"BLACKTAIL",8,16,82,9384,1
"193",193,193,2009,"BLACKTAIL",9,16,82,8012,1
"194",194,194,2010,"BLACKTAIL",14,11,59,6118,1
"195",195,195,2011,"BLACKTAIL",15,10,98,5510,1
"196",196,196,2012,"BLACKTAIL",4,8,69,5168,1
"197",197,197,2013,"BLACKTAIL",3,12,79,5781,1
"198",198,198,2014,"BLACKTAIL",0,9,85,6394,1
"199",199,199,2015,"BLACKTAIL",0,8,50,6484,0
"200",200,200,2016,"BLACKTAIL",0,6,52,7061,0
"201",201,201,1997,"CANYON",0,8,69,15492,1
"202",202,202,1998,"CANYON",0,7,70,15499,1
"203",203,203,1999,"CANYON",0,8,61,19191,1
"204",204,204,2000,"CANYON",0,9,96,17688,1
"205",205,205,2001,"CANYON",0,11,124,15799,1
"206",206,206,2002,"CANYON",0,11,92,12164,1
"207",207,207,2003,"CANYON",0,11,86,11002,1
"208",208,208,2004,"CANYON",0,11,121,12599,1
"209",209,209,2005,"CANYON",0,15,79,8696,1
"210",210,210,2006,"CANYON",0,13,113,8894,1
"211",211,211,2007,"CANYON",0,11,111,8288,1
"212",212,212,2008,"CANYON",4,16,82,9384,1
"213",213,213,2009,"CANYON",3,16,82,8012,1
"214",214,214,2010,"CANYON",6,11,59,6118,1
"215",215,215,2011,"CANYON",7,10,98,5510,1
"216",216,216,2012,"CANYON",8,8,69,5168,1
"217",217,217,2013,"CANYON",8,12,79,5781,1
"218",218,218,2014,"CANYON",0,9,85,6394,1
"219",219,219,2015,"CANYON",0,8,50,6484,0
"220",220,220,2016,"CANYON",0,6,52,7061,0
"221",221,221,1997,"CHIEF JOSEPH",0,8,69,15492,1
"222",222,222,1998,"CHIEF JOSEPH",11,7,70,15499,1
"223",223,223,1999,"CHIEF JOSEPH",8,8,61,19191,1
"224",224,224,2000,"CHIEF JOSEPH",13,9,96,17688,1
"225",225,225,2001,"CHIEF JOSEPH",11,11,124,15799,1
"226",226,226,2002,"CHIEF JOSEPH",0,11,92,12164,1
"227",227,227,2003,"CHIEF JOSEPH",0,11,86,11002,0
"228",228,228,2004,"CHIEF JOSEPH",0,11,121,12599,0
"229",229,229,2005,"CHIEF JOSEPH",0,15,79,8696,0
"230",230,230,2006,"CHIEF JOSEPH",0,13,113,8894,0
"231",231,231,2007,"CHIEF JOSEPH",0,11,111,8288,0
"232",232,232,2008,"CHIEF JOSEPH",0,16,82,9384,0
"233",233,233,2009,"CHIEF JOSEPH",0,16,82,8012,0
"234",234,234,2010,"CHIEF JOSEPH",0,11,59,6118,0
"235",235,235,2011,"CHIEF JOSEPH",0,10,98,5510,0
"236",236,236,2012,"CHIEF JOSEPH",0,8,69,5168,0
"237",237,237,2013,"CHIEF JOSEPH",0,12,79,5781,0
"238",238,238,2014,"CHIEF JOSEPH",0,9,85,6394,0
"239",239,239,2015,"CHIEF JOSEPH",0,8,50,6484,0
"240",240,240,2016,"CHIEF JOSEPH",0,6,52,7061,0
"241",241,241,1997,"COTTONWOOD",0,8,69,15492,1
"242",242,242,1998,"COTTONWOOD",0,7,70,15499,1
"243",243,243,1999,"COTTONWOOD",0,8,61,19191,1
"244",244,244,2000,"COTTONWOOD",0,9,96,17688,1
"245",245,245,2001,"COTTONWOOD",0,11,124,15799,1
"246",246,246,2002,"COTTONWOOD",0,11,92,12164,1
"247",247,247,2003,"COTTONWOOD",0,11,86,11002,1
"248",248,248,2004,"COTTONWOOD",0,11,121,12599,1
"249",249,249,2005,"COTTONWOOD",0,15,79,8696,1
"250",250,250,2006,"COTTONWOOD",0,13,113,8894,1
"251",251,251,2007,"COTTONWOOD",0,11,111,8288,1
"252",252,252,2008,"COTTONWOOD",4,16,82,9384,1
"253",253,253,2009,"COTTONWOOD",0,16,82,8012,1
"254",254,254,2010,"COTTONWOOD",0,11,59,6118,0
"255",255,255,2011,"COTTONWOOD",0,10,98,5510,0
"256",256,256,2012,"COTTONWOOD",0,8,69,5168,0
"257",257,257,2013,"COTTONWOOD",0,12,79,5781,0
"258",258,258,2014,"COTTONWOOD",0,9,85,6394,0
"259",259,259,2015,"COTTONWOOD",0,8,50,6484,0
"260",260,260,2016,"COTTONWOOD",0,6,52,7061,0
"261",261,261,1997,"COUGAR CREEK",0,8,69,15492,1
"262",262,262,1998,"COUGAR CREEK",0,7,70,15499,1
"263",263,263,1999,"COUGAR CREEK",0,8,61,19191,1
"264",264,264,2000,"COUGAR CREEK",0,9,96,17688,1
"265",265,265,2001,"COUGAR CREEK",6,11,124,15799,1
"266",266,266,2002,"COUGAR CREEK",10,11,92,12164,1
"267",267,267,2003,"COUGAR CREEK",10,11,86,11002,1
"268",268,268,2004,"COUGAR CREEK",12,11,121,12599,1
"269",269,269,2005,"COUGAR CREEK",5,15,79,8696,1
"270",270,270,2006,"COUGAR CREEK",4,13,113,8894,1
"271",271,271,2007,"COUGAR CREEK",7,11,111,8288,1
"272",272,272,2008,"COUGAR CREEK",4,16,82,9384,1
"273",273,273,2009,"COUGAR CREEK",6,16,82,8012,1
"274",274,274,2010,"COUGAR CREEK",4,11,59,6118,1
"275",275,275,2011,"COUGAR CREEK",7,10,98,5510,1
"276",276,276,2012,"COUGAR CREEK",11,8,69,5168,1
"277",277,277,2013,"COUGAR CREEK",13,12,79,5781,1
"278",278,278,2014,"COUGAR CREEK",11,9,85,6394,1
"279",279,279,2015,"COUGAR CREEK",7,8,50,6484,1
"280",280,280,2016,"COUGAR CREEK",0,6,52,7061,1
"281",281,281,1997,"COUGAR CREEK II",0,8,69,15492,1
"282",282,282,1998,"COUGAR CREEK II",0,7,70,15499,1
"283",283,283,1999,"COUGAR CREEK II",0,8,61,19191,1
"284",284,284,2000,"COUGAR CREEK II",0,9,96,17688,1
"285",285,285,2001,"COUGAR CREEK II",0,11,124,15799,1
"286",286,286,2002,"COUGAR CREEK II",0,11,92,12164,1
"287",287,287,2003,"COUGAR CREEK II",0,11,86,11002,1
"288",288,288,2004,"COUGAR CREEK II",0,11,121,12599,1
"289",289,289,2005,"COUGAR CREEK II",8,15,79,8696,1
"290",290,290,2006,"COUGAR CREEK II",0,13,113,8894,1
"291",291,291,2007,"COUGAR CREEK II",0,11,111,8288,0
"292",292,292,2008,"COUGAR CREEK II",0,16,82,9384,0
"293",293,293,2009,"COUGAR CREEK II",0,16,82,8012,0
"294",294,294,2010,"COUGAR CREEK II",0,11,59,6118,0
"295",295,295,2011,"COUGAR CREEK II",0,10,98,5510,0
"296",296,296,2012,"COUGAR CREEK II",0,8,69,5168,0
"297",297,297,2013,"COUGAR CREEK II",0,12,79,5781,0
"298",298,298,2014,"COUGAR CREEK II",0,9,85,6394,0
"299",299,299,2015,"COUGAR CREEK II",0,8,50,6484,0
"300",300,300,2016,"COUGAR CREEK II",0,6,52,7061,0
"301",301,301,1997,"DRUID PEAK",0,8,69,15492,1
"302",302,302,1998,"DRUID PEAK",7,7,70,15499,1
"303",303,303,1999,"DRUID PEAK",8,8,61,19191,1
"304",304,304,2000,"DRUID PEAK",27,9,96,17688,1
"305",305,305,2001,"DRUID PEAK",37,11,124,15799,1
"306",306,306,2002,"DRUID PEAK",11,11,92,12164,1
"307",307,307,2003,"DRUID PEAK",17,11,86,11002,1
"308",308,308,2004,"DRUID PEAK",9,11,121,12599,1
"309",309,309,2005,"DRUID PEAK",4,15,79,8696,1
"310",310,310,2006,"DRUID PEAK",12,13,113,8894,1
"311",311,311,2007,"DRUID PEAK",16,11,111,8288,1
"312",312,312,2008,"DRUID PEAK",13,16,82,9384,1
"313",313,313,2009,"DRUID PEAK",11,16,82,8012,1
"314",314,314,2010,"DRUID PEAK",0,11,59,6118,1
"315",315,315,2011,"DRUID PEAK",0,10,98,5510,0
"316",316,316,2012,"DRUID PEAK",0,8,69,5168,0
"317",317,317,2013,"DRUID PEAK",0,12,79,5781,0
"318",318,318,2014,"DRUID PEAK",0,9,85,6394,0
"319",319,319,2015,"DRUID PEAK",0,8,50,6484,0
"320",320,320,2016,"DRUID PEAK",0,6,52,7061,0
"321",321,321,1997,"EVERTS",0,8,69,15492,1
"322",322,322,1998,"EVERTS",0,7,70,15499,1
"323",323,323,1999,"EVERTS",0,8,61,19191,1
"324",324,324,2000,"EVERTS",0,9,96,17688,1
"325",325,325,2001,"EVERTS",0,11,124,15799,1
"326",326,326,2002,"EVERTS",0,11,92,12164,1
"327",327,327,2003,"EVERTS",0,11,86,11002,1
"328",328,328,2004,"EVERTS",0,11,121,12599,1
"329",329,329,2005,"EVERTS",0,15,79,8696,1
"330",330,330,2006,"EVERTS",0,13,113,8894,1
"331",331,331,2007,"EVERTS",0,11,111,8288,1
"332",332,332,2008,"EVERTS",8,16,82,9384,1
"333",333,333,2009,"EVERTS",4,16,82,8012,1
"334",334,334,2010,"EVERTS",0,11,59,6118,1
"335",335,335,2011,"EVERTS",0,10,98,5510,0
"336",336,336,2012,"EVERTS",0,8,69,5168,0
"337",337,337,2013,"EVERTS",0,12,79,5781,0
"338",338,338,2014,"EVERTS",0,9,85,6394,0
"339",339,339,2015,"EVERTS",0,8,50,6484,0
"340",340,340,2016,"EVERTS",0,6,52,7061,0
"341",341,341,1997,"GEODE CREEK",0,8,69,15492,1
"342",342,342,1998,"GEODE CREEK",0,7,70,15499,1
"343",343,343,1999,"GEODE CREEK",0,8,61,19191,1
"344",344,344,2000,"GEODE CREEK",0,9,96,17688,1
"345",345,345,2001,"GEODE CREEK",0,11,124,15799,1
"346",346,346,2002,"GEODE CREEK",9,11,92,12164,1
"347",347,347,2003,"GEODE CREEK",7,11,86,11002,1
"348",348,348,2004,"GEODE CREEK",12,11,121,12599,1
"349",349,349,2005,"GEODE CREEK",0,15,79,8696,1
"350",350,350,2006,"GEODE CREEK",0,13,113,8894,0
"351",351,351,2007,"GEODE CREEK",0,11,111,8288,0
"352",352,352,2008,"GEODE CREEK",0,16,82,9384,0
"353",353,353,2009,"GEODE CREEK",0,16,82,8012,0
"354",354,354,2010,"GEODE CREEK",0,11,59,6118,0
"355",355,355,2011,"GEODE CREEK",0,10,98,5510,0
"356",356,356,2012,"GEODE CREEK",0,8,69,5168,0
"357",357,357,2013,"GEODE CREEK",0,12,79,5781,0
"358",358,358,2014,"GEODE CREEK",0,9,85,6394,0
"359",359,359,2015,"GEODE CREEK",0,8,50,6484,0
"360",360,360,2016,"GEODE CREEK",0,6,52,7061,0
"361",361,361,1997,"GIBBON MEADOWS",0,8,69,15492,1
"362",362,362,1998,"GIBBON MEADOWS",0,7,70,15499,1
"363",363,363,1999,"GIBBON MEADOWS",0,8,61,19191,1
"364",364,364,2000,"GIBBON MEADOWS",0,9,96,17688,1
"365",365,365,2001,"GIBBON MEADOWS",0,11,124,15799,1
"366",366,366,2002,"GIBBON MEADOWS",0,11,92,12164,1
"367",367,367,2003,"GIBBON MEADOWS",0,11,86,11002,1
"368",368,368,2004,"GIBBON MEADOWS",8,11,121,12599,1
"369",369,369,2005,"GIBBON MEADOWS",9,15,79,8696,1
"370",370,370,2006,"GIBBON MEADOWS",12,13,113,8894,1
"371",371,371,2007,"GIBBON MEADOWS",17,11,111,8288,1
"372",372,372,2008,"GIBBON MEADOWS",25,16,82,9384,1
"373",373,373,2009,"GIBBON MEADOWS",17,16,82,8012,1
"374",374,374,2010,"GIBBON MEADOWS",0,11,59,6118,1
"375",375,375,2011,"GIBBON MEADOWS",0,10,98,5510,0
"376",376,376,2012,"GIBBON MEADOWS",0,8,69,5168,0
"377",377,377,2013,"GIBBON MEADOWS",0,12,79,5781,0
"378",378,378,2014,"GIBBON MEADOWS",0,9,85,6394,0
"379",379,379,2015,"GIBBON MEADOWS",0,8,50,6484,0
"380",380,380,2016,"GIBBON MEADOWS",0,6,52,7061,0
"381",381,381,1997,"GRAYLING CREEK",0,8,69,15492,1
"382",382,382,1998,"GRAYLING CREEK",0,7,70,15499,1
"383",383,383,1999,"GRAYLING CREEK",0,8,61,19191,1
"384",384,384,2000,"GRAYLING CREEK",0,9,96,17688,1
"385",385,385,2001,"GRAYLING CREEK",0,11,124,15799,1
"386",386,386,2002,"GRAYLING CREEK",0,11,92,12164,1
"387",387,387,2003,"GRAYLING CREEK",0,11,86,11002,1
"388",388,388,2004,"GRAYLING CREEK",0,11,121,12599,1
"389",389,389,2005,"GRAYLING CREEK",0,15,79,8696,1
"390",390,390,2006,"GRAYLING CREEK",0,13,113,8894,1
"391",391,391,2007,"GRAYLING CREEK",0,11,111,8288,1
"392",392,392,2008,"GRAYLING CREEK",4,16,82,9384,1
"393",393,393,2009,"GRAYLING CREEK",4,16,82,8012,1
"394",394,394,2010,"GRAYLING CREEK",3,11,59,6118,1
"395",395,395,2011,"GRAYLING CREEK",0,10,98,5510,1
"396",396,396,2012,"GRAYLING CREEK",0,8,69,5168,0
"397",397,397,2013,"GRAYLING CREEK",0,12,79,5781,0
"398",398,398,2014,"GRAYLING CREEK",0,9,85,6394,0
"399",399,399,2015,"GRAYLING CREEK",0,8,50,6484,0
"400",400,400,2016,"GRAYLING CREEK",0,6,52,7061,0
"401",401,401,1997,"HAYDEN VALLEY",0,8,69,15492,1
"402",402,402,1998,"HAYDEN VALLEY",0,7,70,15499,1
"403",403,403,1999,"HAYDEN VALLEY",0,8,61,19191,1
"404",404,404,2000,"HAYDEN VALLEY",0,9,96,17688,1
"405",405,405,2001,"HAYDEN VALLEY",0,11,124,15799,1
"406",406,406,2002,"HAYDEN VALLEY",0,11,92,12164,1
"407",407,407,2003,"HAYDEN VALLEY",0,11,86,11002,1
"408",408,408,2004,"HAYDEN VALLEY",0,11,121,12599,1
"409",409,409,2005,"HAYDEN VALLEY",5,15,79,8696,1
"410",410,410,2006,"HAYDEN VALLEY",5,13,113,8894,1
"411",411,411,2007,"HAYDEN VALLEY",4,11,111,8288,1
"412",412,412,2008,"HAYDEN VALLEY",0,16,82,9384,1
"413",413,413,2009,"HAYDEN VALLEY",0,16,82,8012,0
"414",414,414,2010,"HAYDEN VALLEY",0,11,59,6118,0
"415",415,415,2011,"HAYDEN VALLEY",0,10,98,5510,0
"416",416,416,2012,"HAYDEN VALLEY",0,8,69,5168,0
"417",417,417,2013,"HAYDEN VALLEY",0,12,79,5781,0
"418",418,418,2014,"HAYDEN VALLEY",0,9,85,6394,0
"419",419,419,2015,"HAYDEN VALLEY",0,8,50,6484,0
"420",420,420,2016,"HAYDEN VALLEY",0,6,52,7061,0
"421",421,421,1997,"HELLROARING",0,8,69,15492,1
"422",422,422,1998,"HELLROARING",0,7,70,15499,1
"423",423,423,1999,"HELLROARING",0,8,61,19191,1
"424",424,424,2000,"HELLROARING",0,9,96,17688,1
"425",425,425,2001,"HELLROARING",0,11,124,15799,1
"426",426,426,2002,"HELLROARING",0,11,92,12164,1
"427",427,427,2003,"HELLROARING",0,11,86,11002,1
"428",428,428,2004,"HELLROARING",0,11,121,12599,1
"429",429,429,2005,"HELLROARING",7,15,79,8696,1
"430",430,430,2006,"HELLROARING",6,13,113,8894,1
"431",431,431,2007,"HELLROARING",0,11,111,8288,1
"432",432,432,2008,"HELLROARING",0,16,82,9384,0
"433",433,433,2009,"HELLROARING",0,16,82,8012,0
"434",434,434,2010,"HELLROARING",0,11,59,6118,0
"435",435,435,2011,"HELLROARING",0,10,98,5510,0
"436",436,436,2012,"HELLROARING",0,8,69,5168,0
"437",437,437,2013,"HELLROARING",0,12,79,5781,0
"438",438,438,2014,"HELLROARING",0,9,85,6394,0
"439",439,439,2015,"HELLROARING",0,8,50,6484,0
"440",440,440,2016,"HELLROARING",0,6,52,7061,0
"441",441,441,1997,"JUNCTION BUTTE",0,8,69,15492,1
"442",442,442,1998,"JUNCTION BUTTE",0,7,70,15499,1
"443",443,443,1999,"JUNCTION BUTTE",0,8,61,19191,1
"444",444,444,2000,"JUNCTION BUTTE",0,9,96,17688,1
"445",445,445,2001,"JUNCTION BUTTE",0,11,124,15799,1
"446",446,446,2002,"JUNCTION BUTTE",0,11,92,12164,1
"447",447,447,2003,"JUNCTION BUTTE",0,11,86,11002,1
"448",448,448,2004,"JUNCTION BUTTE",0,11,121,12599,1
"449",449,449,2005,"JUNCTION BUTTE",0,15,79,8696,1
"450",450,450,2006,"JUNCTION BUTTE",0,13,113,8894,1
"451",451,451,2007,"JUNCTION BUTTE",0,11,111,8288,1
"452",452,452,2008,"JUNCTION BUTTE",0,16,82,9384,1
"453",453,453,2009,"JUNCTION BUTTE",0,16,82,8012,1
"454",454,454,2010,"JUNCTION BUTTE",0,11,59,6118,1
"455",455,455,2011,"JUNCTION BUTTE",0,10,98,5510,1
"456",456,456,2012,"JUNCTION BUTTE",9,8,69,5168,1
"457",457,457,2013,"JUNCTION BUTTE",9,12,79,5781,1
"458",458,458,2014,"JUNCTION BUTTE",8,9,85,6394,1
"459",459,459,2015,"JUNCTION BUTTE",14,8,50,6484,1
"460",460,460,2016,"JUNCTION BUTTE",7,6,52,7061,1
"461",461,461,1997,"LAMAR CANYON",0,8,69,15492,1
"462",462,462,1998,"LAMAR CANYON",0,7,70,15499,1
"463",463,463,1999,"LAMAR CANYON",0,8,61,19191,1
"464",464,464,2000,"LAMAR CANYON",0,9,96,17688,1
"465",465,465,2001,"LAMAR CANYON",0,11,124,15799,1
"466",466,466,2002,"LAMAR CANYON",0,11,92,12164,1
"467",467,467,2003,"LAMAR CANYON",0,11,86,11002,1
"468",468,468,2004,"LAMAR CANYON",0,11,121,12599,1
"469",469,469,2005,"LAMAR CANYON",0,15,79,8696,1
"470",470,470,2006,"LAMAR CANYON",0,13,113,8894,1
"471",471,471,2007,"LAMAR CANYON",0,11,111,8288,1
"472",472,472,2008,"LAMAR CANYON",0,16,82,9384,1
"473",473,473,2009,"LAMAR CANYON",3,16,82,8012,1
"474",474,474,2010,"LAMAR CANYON",7,11,59,6118,1
"475",475,475,2011,"LAMAR CANYON",11,10,98,5510,1
"476",476,476,2012,"LAMAR CANYON",11,8,69,5168,1
"477",477,477,2013,"LAMAR CANYON",2,12,79,5781,1
"478",478,478,2014,"LAMAR CANYON",8,9,85,6394,1
"479",479,479,2015,"LAMAR CANYON",9,8,50,6484,1
"480",480,480,2016,"LAMAR CANYON",5,6,52,7061,1
"481",481,481,1997,"LAVA CREEK",0,8,69,15492,1
"482",482,482,1998,"LAVA CREEK",0,7,70,15499,1
"483",483,483,1999,"LAVA CREEK",0,8,61,19191,1
"484",484,484,2000,"LAVA CREEK",0,9,96,17688,1
"485",485,485,2001,"LAVA CREEK",0,11,124,15799,1
"486",486,486,2002,"LAVA CREEK",0,11,92,12164,1
"487",487,487,2003,"LAVA CREEK",0,11,86,11002,1
"488",488,488,2004,"LAVA CREEK",0,11,121,12599,1
"489",489,489,2005,"LAVA CREEK",0,15,79,8696,1
"490",490,490,2006,"LAVA CREEK",0,13,113,8894,1
"491",491,491,2007,"LAVA CREEK",0,11,111,8288,1
"492",492,492,2008,"LAVA CREEK",3,16,82,9384,1
"493",493,493,2009,"LAVA CREEK",3,16,82,8012,1
"494",494,494,2010,"LAVA CREEK",0,11,59,6118,1
"495",495,495,2011,"LAVA CREEK",0,10,98,5510,0
"496",496,496,2012,"LAVA CREEK",0,8,69,5168,0
"497",497,497,2013,"LAVA CREEK",0,12,79,5781,0
"498",498,498,2014,"LAVA CREEK",0,9,85,6394,0
"499",499,499,2015,"LAVA CREEK",0,8,50,6484,0
"500",500,500,2016,"LAVA CREEK",0,6,52,7061,0
"501",501,501,1997,"LEOPOLD",0,8,69,15492,1
"502",502,502,1998,"LEOPOLD",13,7,70,15499,1
"503",503,503,1999,"LEOPOLD",11,8,61,19191,1
"504",504,504,2000,"LEOPOLD",13,9,96,17688,1
"505",505,505,2001,"LEOPOLD",14,11,124,15799,1
"506",506,506,2002,"LEOPOLD",16,11,92,12164,1
"507",507,507,2003,"LEOPOLD",19,11,86,11002,1
"508",508,508,2004,"LEOPOLD",23,11,121,12599,1
"509",509,509,2005,"LEOPOLD",14,15,79,8696,1
"510",510,510,2006,"LEOPOLD",19,13,113,8894,1
"511",511,511,2007,"LEOPOLD",16,11,111,8288,1
"512",512,512,2008,"LEOPOLD",0,16,82,9384,1
"513",513,513,2009,"LEOPOLD",0,16,82,8012,0
"514",514,514,2010,"LEOPOLD",0,11,59,6118,0
"515",515,515,2011,"LEOPOLD",0,10,98,5510,0
"516",516,516,2012,"LEOPOLD",0,8,69,5168,0
"517",517,517,2013,"LEOPOLD",0,12,79,5781,0
"518",518,518,2014,"LEOPOLD",0,9,85,6394,0
"519",519,519,2015,"LEOPOLD",0,8,50,6484,0
"520",520,520,2016,"LEOPOLD",0,6,52,7061,0
"521",521,521,1997,"MADISON",0,8,69,15492,1
"522",522,522,1998,"MADISON",0,7,70,15499,1
"523",523,523,1999,"MADISON",0,8,61,19191,1
"524",524,524,2000,"MADISON",0,9,96,17688,1
"525",525,525,2001,"MADISON",0,11,124,15799,1
"526",526,526,2002,"MADISON",0,11,92,12164,1
"527",527,527,2003,"MADISON",0,11,86,11002,1
"528",528,528,2004,"MADISON",0,11,121,12599,1
"529",529,529,2005,"MADISON",0,15,79,8696,1
"530",530,530,2006,"MADISON",0,13,113,8894,1
"531",531,531,2007,"MADISON",0,11,111,8288,1
"532",532,532,2008,"MADISON",0,16,82,9384,1
"533",533,533,2009,"MADISON",8,16,82,8012,1
"534",534,534,2010,"MADISON",0,11,59,6118,1
"535",535,535,2011,"MADISON",0,10,98,5510,0
"536",536,536,2012,"MADISON",0,8,69,5168,0
"537",537,537,2013,"MADISON",0,12,79,5781,0
"538",538,538,2014,"MADISON",0,9,85,6394,0
"539",539,539,2015,"MADISON",0,8,50,6484,0
"540",540,540,2016,"MADISON",0,6,52,7061,0
"541",541,541,1997,"MARY MOUNTAIN",0,8,69,15492,1
"542",542,542,1998,"MARY MOUNTAIN",0,7,70,15499,1
"543",543,543,1999,"MARY MOUNTAIN",0,8,61,19191,1
"544",544,544,2000,"MARY MOUNTAIN",0,9,96,17688,1
"545",545,545,2001,"MARY MOUNTAIN",0,11,124,15799,1
"546",546,546,2002,"MARY MOUNTAIN",0,11,92,12164,1
"547",547,547,2003,"MARY MOUNTAIN",0,11,86,11002,1
"548",548,548,2004,"MARY MOUNTAIN",0,11,121,12599,1
"549",549,549,2005,"MARY MOUNTAIN",0,15,79,8696,1
"550",550,550,2006,"MARY MOUNTAIN",0,13,113,8894,1
"551",551,551,2007,"MARY MOUNTAIN",0,11,111,8288,1
"552",552,552,2008,"MARY MOUNTAIN",0,16,82,9384,1
"553",553,553,2009,"MARY MOUNTAIN",0,16,82,8012,1
"554",554,554,2010,"MARY MOUNTAIN",6,11,59,6118,1
"555",555,555,2011,"MARY MOUNTAIN",10,10,98,5510,1
"556",556,556,2012,"MARY MOUNTAIN",0,8,69,5168,1
"557",557,557,2013,"MARY MOUNTAIN",0,12,79,5781,0
"558",558,558,2014,"MARY MOUNTAIN",0,9,85,6394,0
"559",559,559,2015,"MARY MOUNTAIN",0,8,50,6484,0
"560",560,560,2016,"MARY MOUNTAIN",0,6,52,7061,0
"561",561,561,1997,"MOLLIES",0,8,69,15492,1
"562",562,562,1998,"MOLLIES",16,7,70,15499,1
"563",563,563,1999,"MOLLIES",13,8,61,19191,1
"564",564,564,2000,"MOLLIES",4,9,96,17688,1
"565",565,565,2001,"MOLLIES",10,11,124,15799,1
"566",566,566,2002,"MOLLIES",12,11,92,12164,1
"567",567,567,2003,"MOLLIES",7,11,86,11002,1
"568",568,568,2004,"MOLLIES",6,11,121,12599,1
"569",569,569,2005,"MOLLIES",7,15,79,8696,1
"570",570,570,2006,"MOLLIES",11,13,113,8894,1
"571",571,571,2007,"MOLLIES",14,11,111,8288,1
"572",572,572,2008,"MOLLIES",13,16,82,9384,1
"573",573,573,2009,"MOLLIES",15,16,82,8012,1
"574",574,574,2010,"MOLLIES",16,11,59,6118,1
"575",575,575,2011,"MOLLIES",19,10,98,5510,1
"576",576,576,2012,"MOLLIES",5,8,69,5168,1
"577",577,577,2013,"MOLLIES",7,12,79,5781,1
"578",578,578,2014,"MOLLIES",12,9,85,6394,1
"579",579,579,2015,"MOLLIES",16,8,50,6484,1
"580",580,580,2016,"MOLLIES",18,6,52,7061,1
"581",581,581,1997,"NEZ PERCE",0,8,69,15492,1
"582",582,582,1998,"NEZ PERCE",7,7,70,15499,1
"583",583,583,1999,"NEZ PERCE",13,8,61,19191,1
"584",584,584,2000,"NEZ PERCE",22,9,96,17688,1
"585",585,585,2001,"NEZ PERCE",18,11,124,15799,1
"586",586,586,2002,"NEZ PERCE",20,11,92,12164,1
"587",587,587,2003,"NEZ PERCE",15,11,86,11002,1
"588",588,588,2004,"NEZ PERCE",14,11,121,12599,1
"589",589,589,2005,"NEZ PERCE",4,15,79,8696,1
"590",590,590,2006,"NEZ PERCE",0,13,113,8894,1
"591",591,591,2007,"NEZ PERCE",0,11,111,8288,0
"592",592,592,2008,"NEZ PERCE",0,16,82,9384,0
"593",593,593,2009,"NEZ PERCE",0,16,82,8012,0
"594",594,594,2010,"NEZ PERCE",0,11,59,6118,0
"595",595,595,2011,"NEZ PERCE",0,10,98,5510,0
"596",596,596,2012,"NEZ PERCE",0,8,69,5168,0
"597",597,597,2013,"NEZ PERCE",0,12,79,5781,0
"598",598,598,2014,"NEZ PERCE",0,9,85,6394,0
"599",599,599,2015,"NEZ PERCE",0,8,50,6484,0
"600",600,600,2016,"NEZ PERCE",0,6,52,7061,0
"601",601,601,1997,"OXBOW CREEK",0,8,69,15492,1
"602",602,602,1998,"OXBOW CREEK",0,7,70,15499,1
"603",603,603,1999,"OXBOW CREEK",0,8,61,19191,1
"604",604,604,2000,"OXBOW CREEK",0,9,96,17688,1
"605",605,605,2001,"OXBOW CREEK",0,11,124,15799,1
"606",606,606,2002,"OXBOW CREEK",0,11,92,12164,1
"607",607,607,2003,"OXBOW CREEK",0,11,86,11002,1
"608",608,608,2004,"OXBOW CREEK",0,11,121,12599,1
"609",609,609,2005,"OXBOW CREEK",4,15,79,8696,1
"610",610,610,2006,"OXBOW CREEK",12,13,113,8894,1
"611",611,611,2007,"OXBOW CREEK",16,11,111,8288,1
"612",612,612,2008,"OXBOW CREEK",0,16,82,9384,1
"613",613,613,2009,"OXBOW CREEK",0,16,82,8012,0
"614",614,614,2010,"OXBOW CREEK",0,11,59,6118,0
"615",615,615,2011,"OXBOW CREEK",0,10,98,5510,0
"616",616,616,2012,"OXBOW CREEK",0,8,69,5168,0
"617",617,617,2013,"OXBOW CREEK",0,12,79,5781,0
"618",618,618,2014,"OXBOW CREEK",0,9,85,6394,0
"619",619,619,2015,"OXBOW CREEK",0,8,50,6484,0
"620",620,620,2016,"OXBOW CREEK",0,6,52,7061,0
"621",621,621,1997,"PROSPECT PEAK",0,8,69,15492,1
"622",622,622,1998,"PROSPECT PEAK",0,7,70,15499,1
"623",623,623,1999,"PROSPECT PEAK",0,8,61,19191,1
"624",624,624,2000,"PROSPECT PEAK",0,9,96,17688,1
"625",625,625,2001,"PROSPECT PEAK",0,11,124,15799,1
"626",626,626,2002,"PROSPECT PEAK",0,11,92,12164,1
"627",627,627,2003,"PROSPECT PEAK",0,11,86,11002,1
"628",628,628,2004,"PROSPECT PEAK",0,11,121,12599,1
"629",629,629,2005,"PROSPECT PEAK",0,15,79,8696,1
"630",630,630,2006,"PROSPECT PEAK",0,13,113,8894,1
"631",631,631,2007,"PROSPECT PEAK",0,11,111,8288,1
"632",632,632,2008,"PROSPECT PEAK",0,16,82,9384,1
"633",633,633,2009,"PROSPECT PEAK",0,16,82,8012,1
"634",634,634,2010,"PROSPECT PEAK",0,11,59,6118,1
"635",635,635,2011,"PROSPECT PEAK",0,10,98,5510,1
"636",636,636,2012,"PROSPECT PEAK",0,8,69,5168,1
"637",637,637,2013,"PROSPECT PEAK",3,12,79,5781,1
"638",638,638,2014,"PROSPECT PEAK",14,9,85,6394,1
"639",639,639,2015,"PROSPECT PEAK",13,8,50,6484,1
"640",640,640,2016,"PROSPECT PEAK",11,6,52,7061,1
"641",641,641,1997,"QUADRANT MOUNTAIN",0,8,69,15492,1
"642",642,642,1998,"QUADRANT MOUNTAIN",0,7,70,15499,1
"643",643,643,1999,"QUADRANT MOUNTAIN",0,8,61,19191,1
"644",644,644,2000,"QUADRANT MOUNTAIN",0,9,96,17688,1
"645",645,645,2001,"QUADRANT MOUNTAIN",0,11,124,15799,1
"646",646,646,2002,"QUADRANT MOUNTAIN",0,11,92,12164,1
"647",647,647,2003,"QUADRANT MOUNTAIN",0,11,86,11002,1
"648",648,648,2004,"QUADRANT MOUNTAIN",0,11,121,12599,1
"649",649,649,2005,"QUADRANT MOUNTAIN",0,15,79,8696,1
"650",650,650,2006,"QUADRANT MOUNTAIN",0,13,113,8894,1
"651",651,651,2007,"QUADRANT MOUNTAIN",0,11,111,8288,1
"652",652,652,2008,"QUADRANT MOUNTAIN",4,16,82,9384,1
"653",653,653,2009,"QUADRANT MOUNTAIN",7,16,82,8012,1
"654",654,654,2010,"QUADRANT MOUNTAIN",7,11,59,6118,1
"655",655,655,2011,"QUADRANT MOUNTAIN",0,10,98,5510,1
"656",656,656,2012,"QUADRANT MOUNTAIN",0,8,69,5168,0
"657",657,657,2013,"QUADRANT MOUNTAIN",0,12,79,5781,0
"658",658,658,2014,"QUADRANT MOUNTAIN",0,9,85,6394,0
"659",659,659,2015,"QUADRANT MOUNTAIN",0,8,50,6484,0
"660",660,660,2016,"QUADRANT MOUNTAIN",0,6,52,7061,0
"661",661,661,1997,"ROSE CREEK",0,8,69,15492,1
"662",662,662,1998,"ROSE CREEK",22,7,70,15499,1
"663",663,663,1999,"ROSE CREEK",16,8,61,19191,1
"664",664,664,2000,"ROSE CREEK",18,9,96,17688,1
"665",665,665,2001,"ROSE CREEK",9,11,124,15799,1
"666",666,666,2002,"ROSE CREEK",10,11,92,12164,1
"667",667,667,2003,"ROSE CREEK",5,11,86,11002,1
"668",668,668,2004,"ROSE CREEK",0,11,121,12599,1
"669",669,669,2005,"ROSE CREEK",0,15,79,8696,0
"670",670,670,2006,"ROSE CREEK",0,13,113,8894,0
"671",671,671,2007,"ROSE CREEK",0,11,111,8288,0
"672",672,672,2008,"ROSE CREEK",0,16,82,9384,0
"673",673,673,2009,"ROSE CREEK",0,16,82,8012,0
"674",674,674,2010,"ROSE CREEK",0,11,59,6118,0
"675",675,675,2011,"ROSE CREEK",0,10,98,5510,0
"676",676,676,2012,"ROSE CREEK",0,8,69,5168,0
"677",677,677,2013,"ROSE CREEK",0,12,79,5781,0
"678",678,678,2014,"ROSE CREEK",0,9,85,6394,0
"679",679,679,2015,"ROSE CREEK",0,8,50,6484,0
"680",680,680,2016,"ROSE CREEK",0,6,52,7061,0
"681",681,681,1997,"SILVER",0,8,69,15492,1
"682",682,682,1998,"SILVER",0,7,70,15499,1
"683",683,683,1999,"SILVER",0,8,61,19191,1
"684",684,684,2000,"SILVER",0,9,96,17688,1
"685",685,685,2001,"SILVER",0,11,124,15799,1
"686",686,686,2002,"SILVER",0,11,92,12164,1
"687",687,687,2003,"SILVER",0,11,86,11002,1
"688",688,688,2004,"SILVER",0,11,121,12599,1
"689",689,689,2005,"SILVER",0,15,79,8696,1
"690",690,690,2006,"SILVER",0,13,113,8894,1
"691",691,691,2007,"SILVER",0,11,111,8288,1
"692",692,692,2008,"SILVER",0,16,82,9384,1
"693",693,693,2009,"SILVER",5,16,82,8012,1
"694",694,694,2010,"SILVER",4,11,59,6118,1
"695",695,695,2011,"SILVER",0,10,98,5510,1
"696",696,696,2012,"SILVER",0,8,69,5168,0
"697",697,697,2013,"SILVER",0,12,79,5781,0
"698",698,698,2014,"SILVER",0,9,85,6394,0
"699",699,699,2015,"SILVER",0,8,50,6484,0
"700",700,700,2016,"SILVER",0,6,52,7061,0
"701",701,701,1997,"SLOUGH CREEK",0,8,69,15492,1
"702",702,702,1998,"SLOUGH CREEK",0,7,70,15499,1
"703",703,703,1999,"SLOUGH CREEK",0,8,61,19191,1
"704",704,704,2000,"SLOUGH CREEK",0,9,96,17688,1
"705",705,705,2001,"SLOUGH CREEK",0,11,124,15799,1
"706",706,706,2002,"SLOUGH CREEK",6,11,92,12164,1
"707",707,707,2003,"SLOUGH CREEK",15,11,86,11002,1
"708",708,708,2004,"SLOUGH CREEK",15,11,121,12599,1
"709",709,709,2005,"SLOUGH CREEK",15,15,79,8696,1
"710",710,710,2006,"SLOUGH CREEK",8,13,113,8894,1
"711",711,711,2007,"SLOUGH CREEK",16,11,111,8288,1
"712",712,712,2008,"SLOUGH CREEK",7,16,82,9384,1
"713",713,713,2009,"SLOUGH CREEK",0,16,82,8012,1
"714",714,714,2010,"SLOUGH CREEK",0,11,59,6118,0
"715",715,715,2011,"SLOUGH CREEK",0,10,98,5510,0
"716",716,716,2012,"SLOUGH CREEK",0,8,69,5168,0
"717",717,717,2013,"SLOUGH CREEK",0,12,79,5781,0
"718",718,718,2014,"SLOUGH CREEK",0,9,85,6394,0
"719",719,719,2015,"SLOUGH CREEK",0,8,50,6484,0
"720",720,720,2016,"SLOUGH CREEK",0,6,52,7061,0
"721",721,721,1997,"SNAKE RIVER",0,8,69,15492,1
"722",722,722,1998,"SNAKE RIVER",0,7,70,15499,1
"723",723,723,1999,"SNAKE RIVER",0,8,61,19191,1
"724",724,724,2000,"SNAKE RIVER",0,9,96,17688,1
"725",725,725,2001,"SNAKE RIVER",0,11,124,15799,1
"726",726,726,2002,"SNAKE RIVER",0,11,92,12164,1
"727",727,727,2003,"SNAKE RIVER",0,11,86,11002,1
"728",728,728,2004,"SNAKE RIVER",0,11,121,12599,1
"729",729,729,2005,"SNAKE RIVER",0,15,79,8696,1
"730",730,730,2006,"SNAKE RIVER",0,13,113,8894,1
"731",731,731,2007,"SNAKE RIVER",0,11,111,8288,1
"732",732,732,2008,"SNAKE RIVER",0,16,82,9384,1
"733",733,733,2009,"SNAKE RIVER",0,16,82,8012,1
"734",734,734,2010,"SNAKE RIVER",0,11,59,6118,1
"735",735,735,2011,"SNAKE RIVER",0,10,98,5510,1
"736",736,736,2012,"SNAKE RIVER",0,8,69,5168,1
"737",737,737,2013,"SNAKE RIVER",0,12,79,5781,1
"738",738,738,2014,"SNAKE RIVER",0,9,85,6394,1
"739",739,739,2015,"SNAKE RIVER",7,8,50,6484,1
"740",740,740,2016,"SNAKE RIVER",0,6,52,7061,1
"741",741,741,1997,"SWAN LAKE",0,8,69,15492,1
"742",742,742,1998,"SWAN LAKE",0,7,70,15499,1
"743",743,743,1999,"SWAN LAKE",2,8,61,19191,1
"744",744,744,2000,"SWAN LAKE",7,9,96,17688,1
"745",745,745,2001,"SWAN LAKE",8,11,124,15799,1
"746",746,746,2002,"SWAN LAKE",16,11,92,12164,1
"747",747,747,2003,"SWAN LAKE",20,11,86,11002,1
"748",748,748,2004,"SWAN LAKE",9,11,121,12599,1
"749",749,749,2005,"SWAN LAKE",3,15,79,8696,1
"750",750,750,2006,"SWAN LAKE",5,13,113,8894,1
"751",751,751,2007,"SWAN LAKE",0,11,111,8288,1
"752",752,752,2008,"SWAN LAKE",0,16,82,9384,0
"753",753,753,2009,"SWAN LAKE",0,16,82,8012,0
"754",754,754,2010,"SWAN LAKE",0,11,59,6118,0
"755",755,755,2011,"SWAN LAKE",0,10,98,5510,0
"756",756,756,2012,"SWAN LAKE",0,8,69,5168,0
"757",757,757,2013,"SWAN LAKE",0,12,79,5781,0
"758",758,758,2014,"SWAN LAKE",0,9,85,6394,0
"759",759,759,2015,"SWAN LAKE",0,8,50,6484,0
"760",760,760,2016,"SWAN LAKE",0,6,52,7061,0
"761",761,761,1997,"THOROFARE",0,8,69,15492,1
"762",762,762,1998,"THOROFARE",0,7,70,15499,0
"763",763,763,1999,"THOROFARE",0,8,61,19191,0
"764",764,764,2000,"THOROFARE",0,9,96,17688,0
"765",765,765,2001,"THOROFARE",0,11,124,15799,0
"766",766,766,2002,"THOROFARE",0,11,92,12164,0
"767",767,767,2003,"THOROFARE",0,11,86,11002,0
"768",768,768,2004,"THOROFARE",0,11,121,12599,0
"769",769,769,2005,"THOROFARE",0,15,79,8696,0
"770",770,770,2006,"THOROFARE",0,13,113,8894,0
"771",771,771,2007,"THOROFARE",0,11,111,8288,0
"772",772,772,2008,"THOROFARE",0,16,82,9384,0
"773",773,773,2009,"THOROFARE",0,16,82,8012,0
"774",774,774,2010,"THOROFARE",0,11,59,6118,0
"775",775,775,2011,"THOROFARE",0,10,98,5510,0
"776",776,776,2012,"THOROFARE",0,8,69,5168,0
"777",777,777,2013,"THOROFARE",0,12,79,5781,0
"778",778,778,2014,"THOROFARE",0,9,85,6394,0
"779",779,779,2015,"THOROFARE",0,8,50,6484,0
"780",780,780,2016,"THOROFARE",0,6,52,7061,0
"781",781,781,1997,"TOWER",0,8,69,15492,1
"782",782,782,1998,"TOWER",0,7,70,15499,1
"783",783,783,1999,"TOWER",0,8,61,19191,1
"784",784,784,2000,"TOWER",5,9,96,17688,1
"785",785,785,2001,"TOWER",2,11,124,15799,1
"786",786,786,2002,"TOWER",0,11,92,12164,1
"787",787,787,2003,"TOWER",0,11,86,11002,0
"788",788,788,2004,"TOWER",0,11,121,12599,0
"789",789,789,2005,"TOWER",0,15,79,8696,0
"790",790,790,2006,"TOWER",0,13,113,8894,0
"791",791,791,2007,"TOWER",0,11,111,8288,0
"792",792,792,2008,"TOWER",0,16,82,9384,0
"793",793,793,2009,"TOWER",0,16,82,8012,0
"794",794,794,2010,"TOWER",0,11,59,6118,0
"795",795,795,2011,"TOWER",0,10,98,5510,0
"796",796,796,2012,"TOWER",0,8,69,5168,0
"797",797,797,2013,"TOWER",0,12,79,5781,0
"798",798,798,2014,"TOWER",0,9,85,6394,0
"799",799,799,2015,"TOWER",0,8,50,6484,0
"800",800,800,2016,"TOWER",0,6,52,7061,0
"801",801,801,1997,"WAPITI LAKE",0,8,69,15492,1
"802",802,802,1998,"WAPITI LAKE",0,7,70,15499,1
"803",803,803,1999,"WAPITI LAKE",0,8,61,19191,1
"804",804,804,2000,"WAPITI LAKE",0,9,96,17688,1
"805",805,805,2001,"WAPITI LAKE",0,11,124,15799,1
"806",806,806,2002,"WAPITI LAKE",0,11,92,12164,1
"807",807,807,2003,"WAPITI LAKE",0,11,86,11002,1
"808",808,808,2004,"WAPITI LAKE",0,11,121,12599,1
"809",809,809,2005,"WAPITI LAKE",0,15,79,8696,1
"810",810,810,2006,"WAPITI LAKE",0,13,113,8894,1
"811",811,811,2007,"WAPITI LAKE",0,11,111,8288,1
"812",812,812,2008,"WAPITI LAKE",0,16,82,9384,1
"813",813,813,2009,"WAPITI LAKE",0,16,82,8012,1
"814",814,814,2010,"WAPITI LAKE",0,11,59,6118,1
"815",815,815,2011,"WAPITI LAKE",0,10,98,5510,1
"816",816,816,2012,"WAPITI LAKE",0,8,69,5168,1
"817",817,817,2013,"WAPITI LAKE",0,12,79,5781,1
"818",818,818,2014,"WAPITI LAKE",3,9,85,6394,1
"819",819,819,2015,"WAPITI LAKE",6,8,50,6484,1
"820",820,820,2016,"WAPITI LAKE",9,6,52,7061,1
"821",821,821,1997,"YELLOWSTONE DELTA",0,8,69,15492,1
"822",822,822,1998,"YELLOWSTONE DELTA",7,7,70,15499,1
"823",823,823,1999,"YELLOWSTONE DELTA",3,8,61,19191,1
"824",824,824,2000,"YELLOWSTONE DELTA",13,9,96,17688,1
"825",825,825,2001,"YELLOWSTONE DELTA",16,11,124,15799,1
"826",826,826,2002,"YELLOWSTONE DELTA",14,11,92,12164,1
"827",827,827,2003,"YELLOWSTONE DELTA",17,11,86,11002,1
"828",828,828,2004,"YELLOWSTONE DELTA",19,11,121,12599,1
"829",829,829,2005,"YELLOWSTONE DELTA",17,15,79,8696,1
"830",830,830,2006,"YELLOWSTONE DELTA",16,13,113,8894,1
"831",831,831,2007,"YELLOWSTONE DELTA",22,11,111,8288,1
"832",832,832,2008,"YELLOWSTONE DELTA",9,16,82,9384,1
"833",833,833,2009,"YELLOWSTONE DELTA",4,16,82,8012,1
"834",834,834,2010,"YELLOWSTONE DELTA",9,11,59,6118,1
"835",835,835,2011,"YELLOWSTONE DELTA",13,10,98,5510,1
"836",836,836,2012,"YELLOWSTONE DELTA",11,8,69,5168,1
"837",837,837,2013,"YELLOWSTONE DELTA",13,12,79,5781,1
"838",838,838,2014,"YELLOWSTONE DELTA",0,9,85,6394,1
"839",839,839,2015,"YELLOWSTONE DELTA",0,8,50,6484,0
"840",840,840,2016,"YELLOWSTONE DELTA",0,6,52,7061,0
